x-coordinate of end of beam;y-coordinate of end of beam
-0.00046839642493095755;-0.016959621202856538
