x-coordinate of end of beam;y-coordinate of end of beam
-0.0073812812325434775;-0.0669640194443829
